文件里的客户名(用户.xlsx),说明
Cash LW,"未在数据库里找到完全一致的名字,可能是简称/大小写/Ltd写法不同,需要人工确认对应哪个数据库客户"
Cloudelle Hospitality Services Limited,"未在数据库里找到完全一致的名字,可能是简称/大小写/Ltd写法不同,需要人工确认对应哪个数据库客户"
Creative Cuisine Ltd,"未在数据库里找到完全一致的名字,可能是简称/大小写/Ltd写法不同,需要人工确认对应哪个数据库客户"
D15 ABCT C.O.D,"未在数据库里找到完全一致的名字,可能是简称/大小写/Ltd写法不同,需要人工确认对应哪个数据库客户"
Diyar Restaurant Limited,"未在数据库里找到完全一致的名字,可能是简称/大小写/Ltd写法不同,需要人工确认对应哪个数据库客户"
Dragon Inn Chinese Takeaway Carlow,"未在数据库里找到完全一致的名字,可能是简称/大小写/Ltd写法不同,需要人工确认对应哪个数据库客户"
Fortune House Tullamore,"未在数据库里找到完全一致的名字,可能是简称/大小写/Ltd写法不同,需要人工确认对应哪个数据库客户"
Golden Aroma Chinese Takeaway Carlow,"未在数据库里找到完全一致的名字,可能是简称/大小写/Ltd写法不同,需要人工确认对应哪个数据库客户"
Golden Sunkist Chinese takeaway Ltd D14,"未在数据库里找到完全一致的名字,可能是简称/大小写/Ltd写法不同,需要人工确认对应哪个数据库客户"
Golden Valley Rathcoole,"未在数据库里找到完全一致的名字,可能是简称/大小写/Ltd写法不同,需要人工确认对应哪个数据库客户"
Good Days Offlay,"未在数据库里找到完全一致的名字,可能是简称/大小写/Ltd写法不同,需要人工确认对应哪个数据库客户"
Ho Ting Ltd Carlow,"未在数据库里找到完全一致的名字,可能是简称/大小写/Ltd写法不同,需要人工确认对应哪个数据库客户"
JJ Ramen Stillorgan,"未在数据库里找到完全一致的名字,可能是简称/大小写/Ltd写法不同,需要人工确认对应哪个数据库客户"
Janny Summer Inn LTD D22,"未在数据库里找到完全一致的名字,可能是简称/大小写/Ltd写法不同,需要人工确认对应哪个数据库客户"
KinJI D6,"未在数据库里找到完全一致的名字,可能是简称/大小写/Ltd写法不同,需要人工确认对应哪个数据库客户"
Korea Stone D7,"未在数据库里找到完全一致的名字,可能是简称/大小写/Ltd写法不同,需要人工确认对应哪个数据库客户"
Lotus Harvest Foods Limited Company-Summer Inn Naas,"未在数据库里找到完全一致的名字,可能是简称/大小写/Ltd写法不同,需要人工确认对应哪个数据库客户"
Momo Ramen & sushi Foxrock,"未在数据库里找到完全一致的名字,可能是简称/大小写/Ltd写法不同,需要人工确认对应哪个数据库客户"
NEKO Asian street Food Carlow,"未在数据库里找到完全一致的名字,可能是简称/大小写/Ltd写法不同,需要人工确认对应哪个数据库客户"
NEXTLINE HOLDINGS LIMITED,"未在数据库里找到完全一致的名字,可能是简称/大小写/Ltd写法不同,需要人工确认对应哪个数据库客户"
Share Korea D2,"未在数据库里找到完全一致的名字,可能是简称/大小写/Ltd写法不同,需要人工确认对应哪个数据库客户"
Tenda Oriental Food Ltd.T/A Duleek,"未在数据库里找到完全一致的名字,可能是简称/大小写/Ltd写法不同,需要人工确认对应哪个数据库客户"
Thai Station & Sushi Bar Kildare TOWN,"未在数据库里找到完全一致的名字,可能是简称/大小写/Ltd写法不同,需要人工确认对应哪个数据库客户"
Tora-1,"未在数据库里找到完全一致的名字,可能是简称/大小写/Ltd写法不同,需要人工确认对应哪个数据库客户"
VINHKY LIMITED D9,"未在数据库里找到完全一致的名字,可能是简称/大小写/Ltd写法不同,需要人工确认对应哪个数据库客户"
Xie Asiankitchen Ltd-Summer Inn Asian Food,"未在数据库里找到完全一致的名字,可能是简称/大小写/Ltd写法不同,需要人工确认对应哪个数据库客户"
