文件里的产品名(product2026.xlsx),说明
(Black Box) 26/30 Prawn PD IQF 6*800g CASE,"去掉[编码]前缀后仍未在数据库里找到完全一致的名字,可能是包装规格描述不同/已改名/文件里写错,需要人工确认是否要保留对应的数据库商品"
(Bowl) KSF Braised Beef Noodle 12*110g CASE,"去掉[编码]前缀后仍未在数据库里找到完全一致的名字,可能是包装规格描述不同/已改名/文件里写错,需要人工确认是否要保留对应的数据库商品"
*Free Range* Egg Medium 360's CASE,"去掉[编码]前缀后仍未在数据库里找到完全一致的名字,可能是包装规格描述不同/已改名/文件里写错,需要人工确认是否要保留对应的数据库商品"
*Frozen* WANG Boiled Sweet Corn 24*360g CASE,"去掉[编码]前缀后仍未在数据库里找到完全一致的名字,可能是包装规格描述不同/已改名/文件里写错,需要人工确认是否要保留对应的数据库商品"
*PVC* Cling Film300mm*300m  PKT,"去掉[编码]前缀后仍未在数据库里找到完全一致的名字,可能是包装规格描述不同/已改名/文件里写错,需要人工确认是否要保留对应的数据库商品"
1 LB Lined Bag,"去掉[编码]前缀后仍未在数据库里找到完全一致的名字,可能是包装规格描述不同/已改名/文件里写错,需要人工确认是否要保留对应的数据库商品"
[ELHC] 180's Egg Large HALF CASE,"去掉[编码]前缀后仍未在数据库里找到完全一致的名字,可能是包装规格描述不同/已改名/文件里写错,需要人工确认是否要保留对应的数据库商品"
2 LB Grease Proof Bag,"去掉[编码]前缀后仍未在数据库里找到完全一致的名字,可能是包装规格描述不同/已改名/文件里写错,需要人工确认是否要保留对应的数据库商品"
[ELC] 360's Egg Large CASE,"去掉[编码]前缀后仍未在数据库里找到完全一致的名字,可能是包装规格描述不同/已改名/文件里写错,需要人工确认是否要保留对应的数据库商品"
5KG SP. Convolvulus(morning glory) CASE,"去掉[编码]前缀后仍未在数据库里找到完全一致的名字,可能是包装规格描述不同/已改名/文件里写错,需要人工确认是否要保留对应的数据库商品"
Affilla Cress CASE,"去掉[编码]前缀后仍未在数据库里找到完全一致的名字,可能是包装规格描述不同/已改名/文件里写错,需要人工确认是否要保留对应的数据库商品"
[AJC] Aji Chicken&Veg Gyoza 10*600g CASE,"去掉[编码]前缀后仍未在数据库里找到完全一致的名字,可能是包装规格描述不同/已改名/文件里写错,需要人工确认是否要保留对应的数据库商品"
Amoy Chilli Sauce 12*470g CASE,"去掉[编码]前缀后仍未在数据库里找到完全一致的名字,可能是包装规格描述不同/已改名/文件里写错,需要人工确认是否要保留对应的数据库商品"
Asparagus BOX,"去掉[编码]前缀后仍未在数据库里找到完全一致的名字,可能是包装规格描述不同/已改名/文件里写错,需要人工确认是否要保留对应的数据库商品"
[AUC] Aubergine CASE,"去掉[编码]前缀后仍未在数据库里找到完全一致的名字,可能是包装规格描述不同/已改名/文件里写错,需要人工确认是否要保留对应的数据库商品"
[ONSP] BAG  Onion SP. 20kg,"去掉[编码]前缀后仍未在数据库里找到完全一致的名字,可能是包装规格描述不同/已改名/文件里写错,需要人工确认是否要保留对应的数据库商品"
BEN's 26/30 Prawn PD IQF 10*1kg(net 800g) CASE,"去掉[编码]前缀后仍未在数据库里找到完全一致的名字,可能是包装规格描述不同/已改名/文件里写错,需要人工确认是否要保留对应的数据库商品"
Baby Potato CASE,"去掉[编码]前缀后仍未在数据库里找到完全一致的名字,可能是包装规格描述不同/已改名/文件里写错,需要人工确认是否要保留对应的数据库商品"
[BAK] Basil KG,"去掉[编码]前缀后仍未在数据库里找到完全一致的名字,可能是包装规格描述不同/已改名/文件里写错,需要人工确认是否要保留对应的数据库商品"
[BSB] Beansprout BAG,"去掉[编码]前缀后仍未在数据库里找到完全一致的名字,可能是包装规格描述不同/已改名/文件里写错,需要人工确认是否要保留对应的数据库商品"
Bento Box J-8306 base+lid 200's CASE,"去掉[编码]前缀后仍未在数据库里找到完全一致的名字,可能是包装规格描述不同/已改名/文件里写错,需要人工确认是否要保留对应的数据库商品"
Bicarbonate Of Soda 4*3KG CASE,"去掉[编码]前缀后仍未在数据库里找到完全一致的名字,可能是包装规格描述不同/已改名/文件里写错,需要人工确认是否要保留对应的数据库商品"
Bird's Custard Powder 3KG PKT,"去掉[编码]前缀后仍未在数据库里找到完全一致的名字,可能是包装规格描述不同/已改名/文件里写错,需要人工确认是否要保留对应的数据库商品"
Bitter Melon 4kg CASE,"去掉[编码]前缀后仍未在数据库里找到完全一致的名字,可能是包装规格描述不同/已改名/文件里写错,需要人工确认是否要保留对应的数据库商品"
Bitter Melon 8KG CASE,"去掉[编码]前缀后仍未在数据库里找到完全一致的名字,可能是包装规格描述不同/已改名/文件里写错,需要人工确认是否要保留对应的数据库商品"
[bd] Bread 24*116g CASE,"去掉[编码]前缀后仍未在数据库里找到完全一致的名字,可能是包装规格描述不同/已改名/文件里写错,需要人工确认是否要保留对应的数据库商品"
[BRC] Broccoli 6KG CASE,"去掉[编码]前缀后仍未在数据库里找到完全一致的名字,可能是包装规格描述不同/已改名/文件里写错,需要人工确认是否要保留对应的数据库商品"
BulkySoft Lunch White Napkin 20*100 CASE,"去掉[编码]前缀后仍未在数据库里找到完全一致的名字,可能是包装规格描述不同/已改名/文件里写错,需要人工确认是否要保留对应的数据库商品"
[BHLC] Butterhead Lettuce CASE,"去掉[编码]前缀后仍未在数据库里找到完全一致的名字,可能是包装规格描述不同/已改名/文件里写错,需要人工确认是否要保留对应的数据库商品"
CHEF Vinegar 3*5L CASE,"去掉[编码]前缀后仍未在数据库里找到完全一致的名字,可能是包装规格描述不同/已改名/文件里写错,需要人工确认是否要保留对应的数据库商品"
CN Wei Long Konjac Snack Sichuan Spicy Fl 20*252g CASE,"去掉[编码]前缀后仍未在数据库里找到完全一致的名字,可能是包装规格描述不同/已改名/文件里写错,需要人工确认是否要保留对应的数据库商品"
CN Wei Long Latiao Hot & Spicy Mini 12*360g CASE,"去掉[编码]前缀后仍未在数据库里找到完全一致的名字,可能是包装规格描述不同/已改名/文件里写错,需要人工确认是否要保留对应的数据库商品"
[CRB] Cabbage Red BAG,"去掉[编码]前缀后仍未在数据库里找到完全一致的名字,可能是包装规格描述不同/已改名/文件里写错,需要人工确认是否要保留对应的数据库商品"
[CWB] Cabbage White BAG,"去掉[编码]前缀后仍未在数据库里找到完全一致的名字,可能是包装规格描述不同/已改名/文件里写错,需要人工确认是否要保留对应的数据库商品"
Cambodian Rice Vermicelli Yinsi 300g PKT,"去掉[编码]前缀后仍未在数据库里找到完全一致的名字,可能是包装规格描述不同/已改名/文件里写错,需要人工确认是否要保留对应的数据库商品"
[CAB] Carrot 10kg BAG,"去掉[编码]前缀后仍未在数据库里找到完全一致的名字,可能是包装规格描述不同/已改名/文件里写错,需要人工确认是否要保留对应的数据库商品"
[CCC1] Chaokoh Coconut Milk 6*2900ml CASE,"去掉[编码]前缀后仍未在数据库里找到完全一致的名字,可能是包装规格描述不同/已改名/文件里写错,需要人工确认是否要保留对应的数据库商品"
Chef's Choice Rice Stick(L)5mm 30*375g CASE,"去掉[编码]前缀后仍未在数据库里找到完全一致的名字,可能是包装规格描述不同/已改名/文件里写错,需要人工确认是否要保留对应的数据库商品"
[CGC] Chilli Green CASE,"去掉[编码]前缀后仍未在数据库里找到完全一致的名字,可能是包装规格描述不同/已改名/文件里写错,需要人工确认是否要保留对应的数据库商品"
Chilli Powder 1KG PKT,"去掉[编码]前缀后仍未在数据库里找到完全一致的名字,可能是包装规格描述不同/已改名/文件里写错,需要人工确认是否要保留对应的数据库商品"
Chilli Powder Extra-Hot 1KG PKT,"去掉[编码]前缀后仍未在数据库里找到完全一致的名字,可能是包装规格描述不同/已改名/文件里写错,需要人工确认是否要保留对应的数据库商品"
[CRC] Chilli Red 3KG/CASE,"去掉[编码]前缀后仍未在数据库里找到完全一致的名字,可能是包装规格描述不同/已改名/文件里写错,需要人工确认是否要保留对应的数据库商品"
[CTR] Chilli Thai Red 2kg CASE,"去掉[编码]前缀后仍未在数据库里找到完全一致的名字,可能是包装规格描述不同/已改名/文件里写错,需要人工确认是否要保留对应的数据库商品"
[CLC8] Chinese Leaf 8's CASE,"去掉[编码]前缀后仍未在数据库里找到完全一致的名字,可能是包装规格描述不同/已改名/文件里写错,需要人工确认是否要保留对应的数据库商品"
[CHC7] Choisam CASE,"去掉[编码]前缀后仍未在数据库里找到完全一致的名字,可能是包装规格描述不同/已改名/文件里写错,需要人工确认是否要保留对应的数据库商品"
[CW10] Cooking Wine 10L DRUM,"去掉[编码]前缀后仍未在数据库里找到完全一致的名字,可能是包装规格描述不同/已改名/文件里写错,需要人工确认是否要保留对应的数据库商品"
Coriander CASE,"去掉[编码]前缀后仍未在数据库里找到完全一致的名字,可能是包装规格描述不同/已改名/文件里写错,需要人工确认是否要保留对应的数据库商品"
[COK] Coriander KG,"去掉[编码]前缀后仍未在数据库里找到完全一致的名字,可能是包装规格描述不同/已改名/文件里写错,需要人工确认是否要保留对应的数据库商品"
[CUC] Cucumber CASE,"去掉[编码]前缀后仍未在数据库里找到完全一致的名字,可能是包装规格描述不同/已改名/文件里写错,需要人工确认是否要保留对应的数据库商品"
D Phoenix Steam Cooked Chicken Breast 4*2.5KG CASE,"去掉[编码]前缀后仍未在数据库里找到完全一致的名字,可能是包装规格描述不同/已改名/文件里写错,需要人工确认是否要保留对应的数据库商品"
DAESANG Hot Red Pepper Paste CHALGochujang 12*1kg CASE,"去掉[编码]前缀后仍未在数据库里找到完全一致的名字,可能是包装规格描述不同/已改名/文件里写错,需要人工确认是否要保留对应的数据库商品"
DSD Vannamei Prawn HLSO Ecuador 26/30 6*2kg CASE,"去掉[编码]前缀后仍未在数据库里找到完全一致的名字,可能是包装规格描述不同/已改名/文件里写错,需要人工确认是否要保留对应的数据库商品"
Deepio Greasebuster 5.5kg CASE,"去掉[编码]前缀后仍未在数据库里找到完全一致的名字,可能是包装规格描述不同/已改名/文件里写错,需要人工确认是否要保留对应的数据库商品"
Deposit 0.15c 150ml to 500ml PKT,"去掉[编码]前缀后仍未在数据库里找到完全一致的名字,可能是包装规格描述不同/已改名/文件里写错,需要人工确认是否要保留对应的数据库商品"
Dollee Fried Shallot 1kg*9 CASE,"去掉[编码]前缀后仍未在数据库里找到完全一致的名字,可能是包装规格描述不同/已改名/文件里写错,需要人工确认是否要保留对应的数据库商品"
Domestos Bleach Original 2*5L CASE,"去掉[编码]前缀后仍未在数据库里找到完全一致的名字,可能是包装规格描述不同/已改名/文件里写错,需要人工确认是否要保留对应的数据库商品"
FX Udon Noodle 30's*200g CASE,"去掉[编码]前缀后仍未在数据库里找到完全一致的名字,可能是包装规格描述不同/已改名/文件里写错,需要人工确认是否要保留对应的数据库商品"
Fairy NB 100 Wash Powder 5.50KG CASE,"去掉[编码]前缀后仍未在数据库里找到完全一致的名字,可能是包装规格描述不同/已改名/文件里写错,需要人工确认是否要保留对应的数据库商品"
Finger Root(Kaempfer) PACKET,"去掉[编码]前缀后仍未在数据库里找到完全一致的名字,可能是包装规格描述不同/已改名/文件里写错,需要人工确认是否要保留对应的数据库商品"
[GIC] Fresh Ginger CASE,"去掉[编码]前缀后仍未在数据库里找到完全一致的名字,可能是包装规格描述不同/已改名/文件里写错,需要人工确认是否要保留对应的数据库商品"
[bd] Fresh Milk Cake 24*85g CASE,"去掉[编码]前缀后仍未在数据库里找到完全一致的名字,可能是包装规格描述不同/已改名/文件里写错,需要人工确认是否要保留对应的数据库商品"
Fukujinzuke Pickled Vegetables 16*1KG CASE,"去掉[编码]前缀后仍未在数据库里找到完全一致的名字,可能是包装规格描述不同/已改名/文件里写错,需要人工确认是否要保留对应的数据库商品"
Fukujinzuke Pickled Vegetables 1KG PKT,"去掉[编码]前缀后仍未在数据库里找到完全一致的名字,可能是包装规格描述不同/已改名/文件里写错,需要人工确认是否要保留对应的数据库商品"
GL Matcha Paste Moon cake 2-Yolk 640g PKT,"去掉[编码]前缀后仍未在数据库里找到完全一致的名字,可能是包装规格描述不同/已改名/文件里写错,需要人工确认是否要保留对应的数据库商品"
GL Mix Nuts Moon cake 2-Yolk 12*640g CASE,"去掉[编码]前缀后仍未在数据库里找到完全一致的名字,可能是包装规格描述不同/已改名/文件里写错,需要人工确认是否要保留对应的数据库商品"
GL Mix Nuts Moon cake 2-Yolk 640g PKT,"去掉[编码]前缀后仍未在数据库里找到完全一致的名字,可能是包装规格描述不同/已改名/文件里写错,需要人工确认是否要保留对应的数据库商品"
GL Perfume Fragrant Jasmine Rice 18kg Bag,"去掉[编码]前缀后仍未在数据库里找到完全一致的名字,可能是包装规格描述不同/已改名/文件里写错,需要人工确认是否要保留对应的数据库商品"
GL Sichuan Peppercorn Powder 600g PKT,"去掉[编码]前缀后仍未在数据库里找到完全一致的名字,可能是包装规格描述不同/已改名/文件里写错,需要人工确认是否要保留对应的数据库商品"
GL White Lotus Paste Moon cake 2-Yolk 640g PKT,"去掉[编码]前缀后仍未在数据库里找到完全一致的名字,可能是包装规格描述不同/已改名/文件里写错,需要人工确认是否要保留对应的数据库商品"
Gagaya Duck Blood 20*300g CASE,"去掉[编码]前缀后仍未在数据库里找到完全一致的名字,可能是包装规格描述不同/已改名/文件里写错,需要人工确认是否要保留对应的数据库商品"
[GAB] Garlic Fresh BAG,"去掉[编码]前缀后仍未在数据库里找到完全一致的名字,可能是包装规格描述不同/已改名/文件里写错,需要人工确认是否要保留对应的数据库商品"
Gochujang Hot Red Pepper Paste 12*1kg CASE,"去掉[编码]前缀后仍未在数据库里找到完全一致的名字,可能是包装规格描述不同/已改名/文件里写错,需要人工确认是否要保留对应的数据库商品"
Gochujang Hot Red Pepper Paste 1kg PKT,"去掉[编码]前缀后仍未在数据库里找到完全一致的名字,可能是包装规格描述不同/已改名/文件里写错,需要人工确认是否要保留对应的数据库商品"
Golden Lily Sushi Rice 10kg BAG,"去掉[编码]前缀后仍未在数据库里找到完全一致的名字,可能是包装规格描述不同/已改名/文件里写错,需要人工确认是否要保留对应的数据库商品"
Happy Boy Wonton Pastry 200g PKT,"去掉[编码]前缀后仍未在数据库里找到完全一致的名字,可能是包装规格描述不同/已改名/文件里写错,需要人工确认是否要保留对应的数据库商品"
Happy Boy Wonton Pastry 60*200g CASE,"去掉[编码]前缀后仍未在数据库里找到完全一致的名字,可能是包装规格描述不同/已改名/文件里写错,需要人工确认是否要保留对应的数据库商品"
"Heavy Duty Black Bin Bag 26""*44""8*25's CASE","去掉[编码]前缀后仍未在数据库里找到完全一致的名字,可能是包装规格描述不同/已改名/文件里写错,需要人工确认是否要保留对应的数据库商品"
Huaying Crispy Aromatic Duck 18's 10KG CASE,"去掉[编码]前缀后仍未在数据库里找到完全一致的名字,可能是包装规格描述不同/已改名/文件里写错,需要人工确认是否要保留对应的数据库商品"
[ICC] Iceberg CASE,"去掉[编码]前缀后仍未在数据库里找到完全一致的名字,可能是包装规格描述不同/已改名/文件里写错,需要人工确认是否要保留对应的数据库商品"
Inariage Tofu Pouches Seasoned 10*850g(60pcs) CASE,"去掉[编码]前缀后仍未在数据库里找到完全一致的名字,可能是包装规格描述不同/已改名/文件里写错,需要人工确认是否要保留对应的数据库商品"
JSB Duck Pancake Pastry 17*6's PKT,"去掉[编码]前缀后仍未在数据库里找到完全一致的名字,可能是包装规格描述不同/已改名/文件里写错,需要人工确认是否要保留对应的数据库商品"
JSB Dumpling Pastry(Gyoza wrapper) 12*284g CASE,"去掉[编码]前缀后仍未在数据库里找到完全一致的名字,可能是包装规格描述不同/已改名/文件里写错,需要人工确认是否要保留对应的数据库商品"
JSB Spring Roll 10*750g CASE,"去掉[编码]前缀后仍未在数据库里找到完全一致的名字,可能是包装规格描述不同/已改名/文件里写错,需要人工确认是否要保留对应的数据库商品"
Jan Jan Tofu Egg 30*145g CASE,"去掉[编码]前缀后仍未在数据库里找到完全一致的名字,可能是包装规格描述不同/已改名/文件里写错,需要人工确认是否要保留对应的数据库商品"
Japan Tofu Egg 30*200g CASE,"去掉[编码]前缀后仍未在数据库里找到完全一致的名字,可能是包装规格描述不同/已改名/文件里写错,需要人工确认是否要保留对应的数据库商品"
KSF Braised Beef Noodle 24*106g CASE,"去掉[编码]前缀后仍未在数据库里找到完全一致的名字,可能是包装规格描述不同/已改名/文件里写错,需要人工确认是否要保留对应的数据库商品"
KSF Instant Noodle Braised Beef 6*5s*106g CASE,"去掉[编码]前缀后仍未在数据库里找到完全一致的名字,可能是包装规格描述不同/已改名/文件里写错,需要人工确认是否要保留对应的数据库商品"
KSF Instant Noodle Mushroom & Chicken 6*5s*100g CASE,"去掉[编码]前缀后仍未在数据库里找到完全一致的名字,可能是包装规格描述不同/已改名/文件里写错,需要人工确认是否要保留对应的数据库商品"
[KGC] Kiwi Golden CASE,"去掉[编码]前缀后仍未在数据库里找到完全一致的名字,可能是包装规格描述不同/已改名/文件里写错,需要人工确认是否要保留对应的数据库商品"
LL Japanese Style Mochi-Bubble Milk Tea 180g PKT,"去掉[编码]前缀后仍未在数据库里找到完全一致的名字,可能是包装规格描述不同/已改名/文件里写错,需要人工确认是否要保留对应的数据库商品"
Laemthong Steam Cooked Chicken Breast Fillet CASE,"去掉[编码]前缀后仍未在数据库里找到完全一致的名字,可能是包装规格描述不同/已改名/文件里写错,需要人工确认是否要保留对应的数据库商品"
[LKB] Leek BAG,"去掉[编码]前缀后仍未在数据库里找到完全一致的名字,可能是包装规格描述不同/已改名/文件里写错,需要人工确认是否要保留对应的数据库商品"
[LIC] Lime CASE,"去掉[编码]前缀后仍未在数据库里找到完全一致的名字,可能是包装规格描述不同/已改名/文件里写错,需要人工确认是否要保留对应的数据库商品"
Lollo Rosso CASE,"去掉[编码]前缀后仍未在数据库里找到完全一致的名字,可能是包装规格描述不同/已改名/文件里写错,需要人工确认是否要保留对应的数据库商品"
Longkou Beanthread Vermicelli 30*250g CASE,"去掉[编码]前缀后仍未在数据库里找到完全一致的名字,可能是包装规格描述不同/已改名/文件里写错,需要人工确认是否要保留对应的数据库商品"
[NO1] Lucky Boat No.1 Noodle 9kg CASE,"去掉[编码]前缀后仍未在数据库里找到完全一致的名字,可能是包装规格描述不同/已改名/文件里写错,需要人工确认是否要保留对应的数据库商品"
Lucky Boy Rice 20KG BAG,"去掉[编码]前缀后仍未在数据库里找到完全一致的名字,可能是包装规格描述不同/已改名/文件里写错,需要人工确认是否要保留对应的数据库商品"
MF Mini Sausages Pork fl 16*360g CASE,"去掉[编码]前缀后仍未在数据库里找到完全一致的名字,可能是包装规格描述不同/已改名/文件里写错,需要人工确认是否要保留对应的数据库商品"
MF Sesame Ball 10*400g CASE,"去掉[编码]前缀后仍未在数据库里找到完全一致的名字,可能是包装规格描述不同/已改名/文件里写错,需要人工确认是否要保留对应的数据库商品"
[MFZD] MF ZD Combinado 12*500g CASE,"去掉[编码]前缀后仍未在数据库里找到完全一致的名字,可能是包装规格描述不同/已改名/文件里写错,需要人工确认是否要保留对应的数据库商品"
MG Fish Shiu Mai 20*500g CASE,"去掉[编码]前缀后仍未在数据库里找到完全一致的名字,可能是包装规格描述不同/已改名/文件里写错,需要人工确认是否要保留对应的数据库商品"
MG Fish Shiu Mai 500g PKT,"去掉[编码]前缀后仍未在数据库里找到完全一致的名字,可能是包装规格描述不同/已改名/文件里写错,需要人工确认是否要保留对应的数据库商品"
MG Fried Fish Ball(M) 20*500g CASE,"去掉[编码]前缀后仍未在数据库里找到完全一致的名字,可能是包装规格描述不同/已改名/文件里写错,需要人工确认是否要保留对应的数据库商品"
MING‘s Duck Pancake BLUE (17*6's) PKT,"去掉[编码]前缀后仍未在数据库里找到完全一致的名字,可能是包装规格描述不同/已改名/文件里写错,需要人工确认是否要保留对应的数据库商品"
[DPB] MING‘s Duck Pancake BLUE 10*(17*6's) CASE,"去掉[编码]前缀后仍未在数据库里找到完全一致的名字,可能是包装规格描述不同/已改名/文件里写错,需要人工确认是否要保留对应的数据库商品"
Mae Ploy Chilli Paste In Oil 24*454G CASE,"去掉[编码]前缀后仍未在数据库里找到完全一致的名字,可能是包装规格描述不同/已改名/文件里写错,需要人工确认是否要保留对应的数据库商品"
Mae Ploy Chilli Paste In Oil 454G Jar,"去掉[编码]前缀后仍未在数据库里找到完全一致的名字,可能是包装规格描述不同/已改名/文件里写错,需要人工确认是否要保留对应的数据库商品"
Maling Luncheon Meat Pork 12*340g CASE,"去掉[编码]前缀后仍未在数据库里找到完全一致的名字,可能是包装规格描述不同/已改名/文件里写错,需要人工确认是否要保留对应的数据库商品"
[bd] Meat Floss Cheese Flavor Bread 24*85g CASE,"去掉[编码]前缀后仍未在数据库里找到完全一致的名字,可能是包装规格描述不同/已改名/文件里写错,需要人工确认是否要保留对应的数据库商品"
Metal* Gochujang Hot Red Pepper Paste 14KG CASE,"去掉[编码]前缀后仍未在数据库里找到完全一致的名字,可能是包装规格描述不同/已改名/文件里写错,需要人工确认是否要保留对应的数据库商品"
Micro Cress CASE,"去掉[编码]前缀后仍未在数据库里找到完全一致的名字,可能是包装规格描述不同/已改名/文件里写错,需要人工确认是否要保留对应的数据库商品"
[MUC] Mushroom CASE,"去掉[编码]前缀后仍未在数据库里找到完全一致的名字,可能是包装规格描述不同/已改名/文件里写错,需要人工确认是否要保留对应的数据库商品"
Narcissus Straw Mushroom 24*425g CASE,"去掉[编码]前缀后仍未在数据库里找到完全一致的名字,可能是包装规格描述不同/已改名/文件里写错,需要人工确认是否要保留对应的数据库商品"
Nashi Pear 4.5Kg,"去掉[编码]前缀后仍未在数据库里找到完全一致的名字,可能是包装规格描述不同/已改名/文件里写错,需要人工确认是否要保留对应的数据库商品"
[ORC] Orange CASE,"去掉[编码]前缀后仍未在数据库里找到完全一致的名字,可能是包装规格描述不同/已改名/文件里写错,需要人工确认是否要保留对应的数据库商品"
[OMC] Oyster Mush CASE,"去掉[编码]前缀后仍未在数据库里找到完全一致的名字,可能是包装规格描述不同/已改名/文件里写错,需要人工确认是否要保留对应的数据库商品"
Pear (Qiuyue) 5KG CASE,"去掉[编码]前缀后仍未在数据库里找到完全一致的名字,可能是包装规格描述不同/已改名/文件里写错,需要人工确认是否要保留对应的数据库商品"
[PGC] Pepper Green 5KG CASE,"去掉[编码]前缀后仍未在数据库里找到完全一致的名字,可能是包装规格描述不同/已改名/文件里写错,需要人工确认是否要保留对应的数据库商品"
Pepper Mix (G+R) CASE,"去掉[编码]前缀后仍未在数据库里找到完全一致的名字,可能是包装规格描述不同/已改名/文件里写错,需要人工确认是否要保留对应的数据库商品"
Pepper Mix (G+R+Y) CASE,"去掉[编码]前缀后仍未在数据库里找到完全一致的名字,可能是包装规格描述不同/已改名/文件里写错,需要人工确认是否要保留对应的数据库商品"
Pepper Mix (R+Y) CASE,"去掉[编码]前缀后仍未在数据库里找到完全一致的名字,可能是包装规格描述不同/已改名/文件里写错,需要人工确认是否要保留对应的数据库商品"
[PRC] Pepper Red 5kg CASE,"去掉[编码]前缀后仍未在数据库里找到完全一致的名字,可能是包装规格描述不同/已改名/文件里写错,需要人工确认是否要保留对应的数据库商品"
[PYC] Pepper Yellow 5kg CASE,"去掉[编码]前缀后仍未在数据库里找到完全一致的名字,可能是包装规格描述不同/已改名/文件里写错,需要人工确认是否要保留对应的数据库商品"
Plain Brown (T)Twist 250'S CASE,"去掉[编码]前缀后仍未在数据库里找到完全一致的名字,可能是包装规格描述不同/已改名/文件里写错,需要人工确认是否要保留对应的数据库商品"
Pomelo CASE,"去掉[编码]前缀后仍未在数据库里找到完全一致的名字,可能是包装规格描述不同/已改名/文件里写错,需要人工确认是否要保留对应的数据库商品"
RAJAH Premium Curry Powder 10KG BUCKET,"去掉[编码]前缀后仍未在数据库里找到完全一致的名字,可能是包装规格描述不同/已改名/文件里写错,需要人工确认是否要保留对应的数据库商品"
RMD Famos Malaysian Curry Powder 10KG BUCKET,"去掉[编码]前缀后仍未在数据库里找到完全一致的名字,可能是包装规格描述不同/已改名/文件里写错,需要人工确认是否要保留对应的数据库商品"
[AVC] RTE Avocado CASE,"去掉[编码]前缀后仍未在数据库里找到完全一致的名字,可能是包装规格描述不同/已改名/文件里写错,需要人工确认是否要保留对应的数据库商品"
[ROB] Red Onion 10kg BAG,"去掉[编码]前缀后仍未在数据库里找到完全一致的名字,可能是包装规格描述不同/已改名/文件里写错,需要人工确认是否要保留对应的数据库商品"
Roasted Eel Unagi 9oz Kabayaki 225g PKT,"去掉[编码]前缀后仍未在数据库里找到完全一致的名字,可能是包装规格描述不同/已改名/文件里写错,需要人工确认是否要保留对应的数据库商品"
Roasted Eel Unagi 9oz Kabayaki 5kg CASE,"去掉[编码]前缀后仍未在数据库里找到完全一致的名字,可能是包装规格描述不同/已改名/文件里写错,需要人工确认是否要保留对应的数据库商品"
SFC Watermelon Soda Zero 24*350ml CASE,"去掉[编码]前缀后仍未在数据库里找到完全一致的名字,可能是包装规格描述不同/已改名/文件里写错,需要人工确认是否要保留对应的数据库商品"
SQUID Brand Fish Sauce 12*725ml CASE,"去掉[编码]前缀后仍未在数据库里找到完全一致的名字,可能是包装规格描述不同/已改名/文件里写错,需要人工确认是否要保留对应的数据库商品"
ST Udon Noodles 30*200g CASE,"去掉[编码]前缀后仍未在数据库里找到完全一致的名字,可能是包装规格描述不同/已改名/文件里写错,需要人工确认是否要保留对应的数据库商品"
Salad Trio CASE,"去掉[编码]前缀后仍未在数据库里找到完全一致的名字,可能是包装规格描述不同/已改名/文件里写错,需要人工确认是否要保留对应的数据库商品"
Sanwu Hot Pot Seasoning 400G PKT,"去掉[编码]前缀后仍未在数据库里找到完全一致的名字,可能是包装规格描述不同/已改名/文件里写错,需要人工确认是否要保留对应的数据库商品"
[SPC] Shanghai Pachoi 8Kg,"去掉[编码]前缀后仍未在数据库里找到完全一致的名字,可能是包装规格描述不同/已改名/文件里写错,需要人工确认是否要保留对应的数据库商品"
Soy Milk 5L Big BAG,"去掉[编码]前缀后仍未在数据库里找到完全一致的名字,可能是包装规格描述不同/已改名/文件里写错,需要人工确认是否要保留对应的数据库商品"
Soybean Paste 14KG CASE,"去掉[编码]前缀后仍未在数据库里找到完全一致的名字,可能是包装规格描述不同/已改名/文件里写错,需要人工确认是否要保留对应的数据库商品"
[CCS] Stokely Cream Corn 12*404g CASE,"去掉[编码]前缀后仍未在数据库里找到完全一致的名字,可能是包装规格描述不同/已改名/文件里写错,需要人工确认是否要保留对应的数据库商品"
Sweet Potato Red/Orang CASE,"去掉[编码]前缀后仍未在数据库里找到完全一致的名字,可能是包装规格描述不同/已改名/文件里写错,需要人工确认是否要保留对应的数据库商品"
[T01] T01 Unicurd Silken Tofu - Red 300g PKT,"去掉[编码]前缀后仍未在数据库里找到完全一致的名字,可能是包装规格描述不同/已改名/文件里写错,需要人工确认是否要保留对应的数据库商品"
[T01] T01 Unicurd Silken Tofu Red Box 50*300g CASE,"去掉[编码]前缀后仍未在数据库里找到完全一致的名字,可能是包装规格描述不同/已改名/文件里写错,需要人工确认是否要保留对应的数据库商品"
TASTY BOX C500 CASE,"去掉[编码]前缀后仍未在数据库里找到完全一致的名字,可能是包装规格描述不同/已改名/文件里写错,需要人工确认是否要保留对应的数据库商品"
Tofu 700g PKT,"去掉[编码]前缀后仍未在数据库里找到完全一致的名字,可能是包装规格描述不同/已改名/文件里写错,需要人工确认是否要保留对应的数据库商品"
[TTT] Tofu 950g PUNNT,"去掉[编码]前缀后仍未在数据库里找到完全一致的名字,可能是包装规格描述不同/已改名/文件里写错,需要人工确认是否要保留对应的数据库商品"
Tofu Fried PKT,"去掉[编码]前缀后仍未在数据库里找到完全一致的名字,可能是包装规格描述不同/已改名/文件里写错,需要人工确认是否要保留对应的数据库商品"
Tofu Slice PKT,"去掉[编码]前缀后仍未在数据库里找到完全一致的名字,可能是包装规格描述不同/已改名/文件里写错,需要人工确认是否要保留对应的数据库商品"
[TOC] Tomato CASE,"去掉[编码]前缀后仍未在数据库里找到完全一致的名字,可能是包装规格描述不同/已改名/文件里写错,需要人工确认是否要保留对应的数据库商品"
Tongkwa KG,"去掉[编码]前缀后仍未在数据库里找到完全一致的名字,可能是包装规格描述不同/已改名/文件里写错,需要人工确认是否要保留对应的数据库商品"
[UNIRB] Unicorn Long Grain Rice 20kg BAG,"去掉[编码]前缀后仍未在数据库里找到完全一致的名字,可能是包装规格描述不同/已改名/文件里写错,需要人工确认是否要保留对应的数据库商品"
Vannamei 26/30 Prawn HLSO 10*1kg CASE,"去掉[编码]前缀后仍未在数据库里找到完全一致的名字,可能是包装规格描述不同/已改名/文件里写错,需要人工确认是否要保留对应的数据库商品"
WZH 100%Pure Sesame Paste 30*225g CASE,"去掉[编码]前缀后仍未在数据库里找到完全一致的名字,可能是包装规格描述不同/已改名/文件里写错,需要人工确认是否要保留对应的数据库商品"
